ID,HOMELESS_RATE,AGE_U18_PCT,AGE_18_24_PCT,AGE_25_34_PCT,AGE_35_44_PCT,AGE_45_54_PCT,AGE_55_59_PCT,AGE_60_61_PCT,AGE_62_64_PCT,AGE_65_69_PCT,AGE_70_79_PCT,AGE_80_PLUS_PCT,AGE_25_PLUS_PCT,FAMILY_MEMBERS_UNDER_18_PCT,RACE_WHITE_NH_PCT,RACE_BLACK_NH_PCT,RACE_NATIVE_NH_PCT,RACE_ASIAN_NH_PCT,RACE_PACIFIC_NH_PCT,RACE_TWO_OR_MORE_NH_PCT,RACE_HISPANIC_ANY_PCT,VETERAN_POP_PCT,NONVETERAN_POP_PCT,DISABILITY_POP_PCT,NODISABILITY_POP_PCT,TOTAL_HOUSEHOLDS_PCT,FAMILY_HH_TOTAL,FAMILY_HH_CHILD_LT18_PCT,NONFAMILY_SINGLE_MALE_PCT,NONFAMILY_SINGLE_FEMALE_PCT,MULTI_PERSON_NONFAMILY_HH_PCT,INDIVIDUALS_NOT_IN_FAMILY_UNITS_PCT
SC_05,0.0,0.3882102431917517,0.054129776980836,0.0581642945197803,0.0613022526056259,0.1612686316261347,0.0620867421270873,0.0374313571668721,0.0511038888266278,0.201053457357391,0.2712092345623669,0.1685531771825619,0.6408158691023198,0.3882102431917517,0.5215734618401883,0.0,0.0,0.3487616272554074,0.0117673428219208,0.0423624341589151,0.0728454555642721,0.0346296088759385,0.7712652695281856,0.4606074190294744,0.0203967275579961,0.3057267735066681,0.2513728566625574,0.0765437633083043,0.174829093354253,0.0543539168441107,0.0219657066009189,0.0543539168441107
RV_08,0.0009991858485678,0.3687365850048109,0.0890015542890977,0.1327436903264007,0.1375545851528384,0.1564651025090667,0.0820812671156835,0.0317148989712086,0.0354525941825179,0.083043446080971,0.1388498260676486,0.079342757752942,0.3012360299015617,0.3687365850048109,0.4998519724668788,0.0320479609207312,0.0022204129968174,0.0414847161572052,0.0002960550662423,0.0381911035452594,0.3850196136481386,0.0483309895640589,0.7668196284508919,0.4579231737103101,0.0232033158167419,0.2271112426911405,0.184183258086004,0.0649470801569091,0.1192361779290948,0.0429279846051365,0.0162830286433276,0.0429279846051365
SC_10,0.0047357039226957,0.4299909665763324,0.0717199091182831,0.2040732528537406,0.1763981276176398,0.1275218307738632,0.0463989488379732,0.0208863704798664,0.025101968191399,0.0676685554734335,0.0984643179765131,0.0596753442281897,0.2258082176781363,0.4299909665763324,0.4037940379403794,0.0224740631244696,0.0008075333278585,0.3304727491719361,0.0,0.0541731679943062,0.1829678902849634,0.0159864224904875,0.7676630806712108,0.51771098519066,0.0309736935753195,0.2379485916071282,0.1982973365087186,0.0944403383427773,0.1038569981659412,0.0396512550984095,0.0142481727847581,0.0396512550984095
AL_12,0.0012693039983075,0.4763415838093223,0.0588992313659121,0.1154714054015936,0.1565827515690007,0.1479444326916296,0.0644171779141104,0.0275368450743953,0.0321028136238629,0.0821169170016219,0.1488611522459629,0.086771031662083,0.3177491009096678,0.4763415838093223,0.4215675904379098,0.0174529299767294,0.0019744728862562,0.3839292010436499,0.0041076087723009,0.0399125590578943,0.1296276708271631,0.0292997672942669,0.7319653056907129,0.4984309992243142,0.0237465623016712,0.272829842747338,0.2349975319088922,0.1187504407305549,0.1162470911783372,0.0378323108384458,0.0132395458712361,0.0378323108384458
SAC_04,0.0003943612599529,0.5136336321298012,0.0788409534778907,0.1128812158846211,0.1454942661124743,0.1484050277930792,0.0661024588111573,0.0246444488957884,0.0298274825980269,0.0982522910511292,0.1156542641093695,0.0600681055636236,0.2739746607241224,0.5136336321298012,0.3237643347188141,0.1054759877810606,0.0020156242175371,0.294731834343232,0.014422354649707,0.0663966648304872,0.1883043717762532,0.0411012068706495,0.7007486604236567,0.4851582452801843,0.0292641093695227,0.2499687014873053,0.189581351094196,0.0934636186088437,0.0961177324853523,0.0603873503931093,0.0161562922529921,0.0603873503931093
OC_32,0.0001624733079565,0.4573855723702534,0.0812134435057097,0.1186287252808467,0.1573902144647665,0.1676260328660291,0.0735771980317519,0.0238371553244824,0.0424287438492247,0.0741342493733172,0.0912635781264506,0.0478135734843561,0.213211400984124,0.4573855723702534,0.5928651007334509,0.0169204345000464,0.0017407854423916,0.1078822764831492,0.0,0.0562389750255315,0.2215439606350385,0.0404326432086157,0.7308745706062575,0.5028548881255223,0.0243013647757868,0.2639030730665676,0.2188051248723424,0.1048417045771051,0.1139634202952372,0.0450979481942252,0.0130907065267848,0.0450979481942252
SF_03,0.0055621150262457,0.1466634422521587,0.0740145383160021,0.2598403914818555,0.1539183748950879,0.1133334281690541,0.0626769278916596,0.0277109976243651,0.0400301577592215,0.1106163847674865,0.1559668264648562,0.123703714241006,0.3902869254733488,0.1466634422521587,0.4025207334594648,0.0355918460247236,0.0019773247791513,0.4073431298632943,0.0003983100274549,0.0451370613255188,0.0984252528557406,0.019915501372747,0.9066389746361864,0.5080871160931476,0.0148654992389433,0.1881019104655959,0.1416276654764783,0.0332446619343642,0.1083830035421141,0.0464742449891176,0.0153776121313854,0.0464742449891176
OC_19,0.0032480208398266,0.4769275691352718,0.1171715315894632,0.1629620637727566,0.1433755138598626,0.1267712376271731,0.0580673947920118,0.0205773603104976,0.0251902060688777,0.0757740296127637,0.0867779305186006,0.0522898546920777,0.2148418148234421,0.4769275691352718,0.0920305379575526,0.0085301557409588,0.0009383171315054,0.1235199359582153,0.0012795233611438,0.0095078428220379,0.7627337180652295,0.0147768544066456,0.7464247164543424,0.510398587931142,0.0296554145163565,0.199838583206748,0.1356754078890817,0.0646520188582058,0.0710233890308758,0.0641631753176662,0.0217354929937893,0.0641631753176662
OC_25,0.0002140372781592,0.4279389993757246,0.1324070275572995,0.1709230357620619,0.1391492018193168,0.1353892802996522,0.0543797378043342,0.0186640506554891,0.0247177383394274,0.0680709890305894,0.1008115580130206,0.0519183091055025,0.2208008561491126,0.4279389993757246,0.3581200392401676,0.0177686613751895,0.001376973156158,0.432373138321591,0.0038883438865602,0.0636118790689378,0.1180736644965664,0.0204334254882725,0.7642486399714616,0.4890787478819228,0.0358940515473111,0.2345563185588156,0.1828342102916258,0.0918326941942388,0.0910015160973869,0.0517221082671898,0.0162882368679211,0.0517221082671898
RV_07,0.0009652775862544,0.5079934177261737,0.117203085211028,0.1526977210255844,0.1374923007621096,0.120062145490315,0.0569697638287505,0.0211074032194305,0.0308429171607968,0.0717247212186399,0.0954613567206302,0.0520698309385256,0.2192559088777958,0.5079934177261737,0.1818582972503378,0.0328654035319966,0.0009376982266471,0.036276051003429,0.0022707006076652,0.0134679206082168,0.7304485323184129,0.0248857754856265,0.7203269073425448,0.5004734456732581,0.0327918585730439,0.204556110207121,0.1410316519117092,0.0655561377864806,0.0754755141252286,0.0635244582954117,0.0222565432030668,0.0635244582954117
SD_13,0.0004716981132075,0.4451599671862182,0.0691550451189499,0.1090853158326497,0.1311936013125512,0.1343109105824446,0.0707957342083675,0.0265381460213289,0.0424938474159146,0.1240771123872026,0.1773174733388023,0.0863002461033634,0.3876948318293683,0.4451599671862182,0.5868129614438063,0.0264356029532403,0.0006152584085315,0.1446267432321575,0.0060500410172272,0.0654634946677604,0.1665094339622641,0.0722313371616078,0.7004511894995898,0.5010049220672682,0.0309680065627563,0.2669811320754717,0.2191140278917145,0.0856234618539786,0.1334905660377358,0.0478671041837571,0.017760459392945,0.0478671041837571
SC_02,0.0015926799181799,0.4852989397748388,0.0755742235685398,0.1143450494199209,0.1582998922598879,0.1664662804678107,0.0591321455896819,0.0190340864731508,0.03247817872367,0.0720141155161376,0.1218868572677732,0.0701403744359258,0.2640413472198367,0.4852989397748388,0.2208516153209562,0.0103211904501662,0.0007963399590899,0.6976562621988351,0.0037630966694252,0.0318848273816029,0.03221273207064,0.0135377793045297,0.7438127508080509,0.5270989803725622,0.0286838530362412,0.2717393001577065,0.2388863732179941,0.137938572521587,0.1009478006964071,0.0328529269397123,0.011461049607295,0.0328529269397123
RV_24,0.0004464180822819,0.5078358121284744,0.0658349192923098,0.1031225770071191,0.1321162566669016,0.0977890557082775,0.0395432438147599,0.017245835389206,0.0356194638283874,0.1296492093700806,0.2241488686825967,0.1558234064049247,0.509621484457602,0.5078358121284744,0.3857757101571861,0.0800733065482484,0.0008928361645638,0.0609008246986677,0.0003759310166584,0.0319071450388853,0.4353516129790183,0.0741054016587956,0.670872394915533,0.492540118888184,0.0401776274053711,0.2526021475059327,0.1904325556260426,0.0704165785578346,0.1200159770682079,0.06216959187989,0.0183736284391814,0.06216959187989
RV_01,0.0,0.4388606086862341,0.0619516950070399,0.1145889743312033,0.1210874038773962,0.1247698472869056,0.0760316256904581,0.0319506119354489,0.0461388497779703,0.1345174916061951,0.1672262536553666,0.1063576302393588,0.4081013755009206,0.4388606086862341,0.6804938806455106,0.0209032817069208,0.0132134734105924,0.0293512401169717,0.0,0.079497454781761,0.1765406693382432,0.0878371060327087,0.6927325896241742,0.5129427055128344,0.0301093902306942,0.2755334127585833,0.2291779486624066,0.0814469836456189,0.1477309650167876,0.0463554640961767,0.0115888660240441,0.0463554640961767
RV_05,0.001236744467542,0.4968160408388811,0.104215456674473,0.1401731442254558,0.1440281030444964,0.1394166250032892,0.0641067810436018,0.0204852248506696,0.0284188090413914,0.0731521195695076,0.1038207509933426,0.0445228008315133,0.2214956713943636,0.4968160408388811,0.3026340025787438,0.050186827355735,0.0012433228955608,0.1042088782464542,0.0031642238770623,0.0323132384285451,0.5019209009815014,0.0315896113464726,0.7181998789569245,0.4985987948319869,0.029260847827803,0.2387640449438202,0.1782030366023735,0.0831315948740888,0.0950714417282846,0.0605610083414467,0.0180051574875667,0.0605610083414467
SB_05,0.007586631125692,0.4478162805003076,0.023990157883945,0.0978060282960836,0.1217961861800287,0.1437359032191921,0.076891531679311,0.0570022554849292,0.0584375640762764,0.1205659216731597,0.2210375230674595,0.0512610211195407,0.3928644658601599,0.4478162805003076,0.6557309821611647,0.0002050440844781,0.0018453967603034,0.0274759073200738,0.0,0.0149682181669058,0.2942382612261636,0.0723805618207914,0.7012507689153168,0.5283986057002256,0.0209144966167726,0.2534344884150092,0.200328070535165,0.0518761533729751,0.1484519171621898,0.0531064178798441,0.0184539676030346,0.0531064178798441
OC_34,0.0014494692712514,0.4443403799839443,0.067076977968067,0.1028677192043528,0.1105387565783605,0.1431183658906431,0.0732985460708233,0.0405182410132905,0.0371956114530371,0.0967353492105967,0.1895459816251895,0.1201498528231201,0.4064311836589064,0.4443403799839443,0.5720720720720721,0.0143831950762643,0.0003567924360003,0.0598296316118098,0.0001783962180001,0.0484122736597984,0.3026491838373026,0.0425028989385425,0.7335652484167335,0.4744670412987244,0.0207162608152707,0.263089822495763,0.2163500133797163,0.0902015877263402,0.1261484256533761,0.0467398091160467,0.014048702167514,0.0467398091160467
AL_05,0.0070872274143302,0.1545171339563863,0.0827102803738317,0.324221183800623,0.2060747663551402,0.1092679127725856,0.040809968847352,0.0210280373831775,0.0186915887850467,0.0739875389408099,0.1018691588785046,0.064018691588785,0.2398753894080997,0.1545171339563863,0.3587227414330218,0.1605140186915888,0.0013239875389408,0.3026479750778816,0.0045171339563862,0.0615264797507788,0.0925233644859813,0.0355919003115264,0.8852803738317757,0.491822429906542,0.0180685358255451,0.1799844236760124,0.1292834890965732,0.0321651090342679,0.0971183800623052,0.0507009345794392,0.0187694704049844,0.0507009345794392
SD_21,0.0010570292444757,0.4446569688428046,0.1074143051291085,0.1369104545225751,0.1228670659888256,0.1300649317964463,0.0647304575426586,0.0280364423415714,0.0359389943121759,0.0798308753208838,0.1571450143453968,0.0664418382241908,0.3034177278904716,0.4446569688428046,0.5191523632153823,0.0138420496300397,0.002416066844516,0.0192278653042734,0.0,0.0380027180752,0.402728142145266,0.0696129259576181,0.6968339457391655,0.4950923642220768,0.0365430110233049,0.2359691951477324,0.1857854733980973,0.076961795943021,0.1088236774550762,0.050183721749635,0.019177530578346,0.050183721749635
SF_11,0.0007399916134283,0.3228830073259169,0.0636886115290693,0.1544732493031745,0.1448410251350484,0.1465306726523766,0.0702252041143533,0.0318319725709775,0.0395525517377469,0.1227399422806541,0.1503909622357613,0.1016995140721738,0.3748304185885893,0.3228830073259169,0.1400187464542068,0.032140302409906,0.0009989886781283,0.536555585703362,0.004242618583656,0.0263930342122789,0.2523618065661922,0.0217804198219086,0.8166794109666757,0.4979896894501862,0.0181421277225524,0.2076909795022323,0.1410794011001208,0.0574603487827138,0.083619052317407,0.0666115784021114,0.0238277299523938,0.0666115784021114
SD_02,0.0009978942739473,0.466439462490169,0.0638229498769545,0.1111721875026427,0.1389018088947898,0.1467665688504765,0.0766264408155671,0.0260129049717122,0.0369474583294573,0.096237600317973,0.1632149109083374,0.0736073878003196,0.3330598990266302,0.466439462490169,0.6707202597907804,0.0109176398954748,0.0008456731135147,0.0926350328544004,0.0005243173303791,0.0536072186656969,0.1689232044245617,0.0572266995915398,0.7015112178538507,0.4954037666280476,0.0209304095594888,0.2695244780082707,0.2215917259342573,0.0939796531048888,0.1276120728293685,0.0479327520740133,0.012600529391369,0.0479327520740133
SB_14,0.0005833470915194,0.5901711518353421,0.1083484673380661,0.1374057564250729,0.1354025645258929,0.116339221836993,0.0555940784766936,0.0206262726322161,0.0311595399262561,0.0698695723955753,0.0922568928512465,0.0379505805954542,0.2000770458422761,0.5901711518353421,0.2855428980243245,0.0376203841285564,0.002300368719388,0.0166529084805459,0.0016289692366958,0.0207253315722855,0.6305431731880469,0.0360244345385504,0.6684937537835012,0.5121787463540807,0.0394254581475978,0.2317428870177755,0.1549612019151395,0.0759231742887017,0.0790380276264377,0.076781685102636,0.0301579439766661,0.076781685102636
OC_04,0.0006128926343438,0.4701324285870636,0.077946809674948,0.1036883003173908,0.1322972529276568,0.1507715880485936,0.0673744117325161,0.0300098500601948,0.0391813505526978,0.1098391156834847,0.1409215278537813,0.0765678012476742,0.3273284447849403,0.4701324285870636,0.3191200612892634,0.0341687643646711,4.37780453102769e-05,0.3779358651636204,0.0024296815147203,0.0486811863850279,0.2126080770493597,0.0369048921965634,0.72647477290139,0.4808580496880814,0.025150487030754,0.2564080113822918,0.1956659735142825,0.0916931159023749,0.1039728576119076,0.0607420378680091,0.015190981722666,0.0607420378680091
SB_33,0.0061484369307002,0.5599814180572761,0.1156133862857975,0.1630747649930773,0.1283748087152955,0.1159686293084602,0.0527308168767762,0.019952816439554,0.0252359178022298,0.0713491947824819,0.081214020257961,0.0455530860598994,0.1981163011003424,0.5599814180572761,0.1360717408729869,0.1158319973766669,0.0012888945565838,0.038511987174816,0.0013344385338482,0.0242840486774029,0.6793521824673905,0.0263745172338409,0.6924916199081833,0.4769638562996429,0.0334474969030095,0.20712489980325,0.1193024484442177,0.0603548786708445,0.0589475697733731,0.0878224513590322,0.0280368724039932,0.0878224513590322
OC_11,0.0053342816500711,0.4510770168664905,0.0964996951839057,0.1492582808372282,0.1302580776264987,0.1361511887827677,0.0644686039422881,0.0264681975208291,0.0381274131274131,0.1002336923389555,0.097693558219874,0.0685328185328185,0.266460069091648,0.4510770168664905,0.1497917090022353,0.0217689494005283,0.0041912212964844,0.2891688681162365,0.007671205039626,0.0232168258484047,0.5026163381426539,0.0261125787441576,0.7483489128225971,0.4921255842308474,0.0296179638284901,0.2184769355821987,0.1492582808372282,0.0708189392399918,0.0784393415972363,0.0692186547449705,0.0266460069091648,0.0692186547449705
AL_10,0.0115457089019585,0.3822668874550334,0.0713161651344715,0.1926226231941986,0.1625489636270199,0.1277588077428196,0.0583589333637869,0.0240781134014731,0.03147376234797,0.0915388568491977,0.1220761719865242,0.0678033460857648,0.2814183749214869,0.3822668874550334,0.2895677496716725,0.2134345914463541,0.0037503568777479,0.1574464683378062,0.0046776680180437,0.0580323188488551,0.2662022497573231,0.026311882601496,0.7817735396562554,0.4887455033403757,0.0267869582595785,0.2095312053902815,0.1402500999257694,0.0584320219265688,0.0818180779992006,0.069281105464512,0.0212619197167818,0.069281105464512
SF_04,0.001027084601339,0.3258520998174072,0.0512020693852708,0.1495485899776831,0.1580061878677216,0.131162507608034,0.0724031243659971,0.0278327246906066,0.0371779265571109,0.1292351389734226,0.1742239805234327,0.1160225197808886,0.4194816392777439,0.3258520998174072,0.3046637248934875,0.012768817204301,0.0008622438628525,0.5251572327044025,0.0062132278352607,0.0637680056806654,0.0821033678230878,0.0286062081558125,0.8082268208561575,0.4993279569892473,0.0202627307770338,0.2344415702982349,0.178395719212822,0.0647570501115845,0.1136386691012375,0.0560458510854128,0.0174604382227632,0.0560458510854128
OC_14,0.0018270776420157,0.3860052879843293,0.0890788190753933,0.188988343596005,0.15189339704681,0.1292657431726149,0.0663369728485721,0.0243756752720852,0.0276433333626134,0.0878754073592579,0.1098881793346977,0.0610665565735267,0.2588301432674824,0.3860052879843293,0.4948657361453932,0.0116124838593501,0.0006500180072556,0.0861888741512433,0.0034082025245293,0.0407491018332264,0.3570794866614548,0.0288467450787488,0.7775532970845814,0.5144541166343122,0.0269493952197324,0.2191526927435152,0.1592192756691232,0.0683924351958398,0.0908268404732833,0.0599334170743919,0.0215911386734362,0.0599334170743919
OC_27,0.0004952129415648,0.3820567844172994,0.0797292835919445,0.1167877187190492,0.1127434796962694,0.1387834268735556,0.0588065368108286,0.0196021789369428,0.0515434136678771,0.1201716738197424,0.2111257840871575,0.1306536810828656,0.4619511389897656,0.3820567844172994,0.5682981181908221,0.0137421591284252,0.000619016176956,0.1696104324859689,0.0018157807857378,0.0592604820072631,0.1861175305381314,0.0365219544404093,0.7709640145262463,0.4721442720369759,0.0162594915813799,0.2554060746120832,0.2055546384945526,0.0717233410366457,0.1338312974579069,0.0498514361175305,0.0150214592274678,0.0498514361175305
SB_13,6.87096330905593e-05,0.4390545554486739,0.0839631716366634,0.1714305345609454,0.1388621684760203,0.1196234712106637,0.0653428610691218,0.0205441802940772,0.0351793321423663,0.1095231551463515,0.1345334615913151,0.0469973890339425,0.2910540057716091,0.4390545554486739,0.3492510649993129,0.0805276899821355,0.0,0.0378590078328981,0.0177270853373643,0.015116119279923,0.4995190325683661,0.0564106087673491,0.7240621135083138,0.4970454857771059,0.0306444963583894,0.2552562869314277,0.1451834547203518,0.0546928679400852,0.0904905867802666,0.110072832211076,0.0379964270990792,0.110072832211076
OC_13,1.4649224323572069e-05,0.4669879729868303,0.0681042438802865,0.1020025489650323,0.1251043757233054,0.1495832295679943,0.0701111876126159,0.0332097915415378,0.038131930914258,0.1082577677511975,0.1703704788831431,0.0818891639687678,0.3605174106031085,0.4669879729868303,0.5134260140925538,0.0134919356020098,0.0015821162269457,0.2433382652388556,0.0014063255350629,0.0422190645005347,0.18102046496638,0.0336785667198921,0.7323440223840147,0.4949093945475587,0.0280386153553169,0.2701756441996396,0.2323220485475294,0.0984427874544043,0.1338792610931251,0.0378535956521102,0.014341590612777,0.0378535956521102
SF_05,0.0083391160776243,0.1976262831710176,0.0623220310593189,0.2738269005288219,0.1679667871072719,0.1252901342394295,0.0578354191093776,0.0206743078653298,0.0297073532578784,0.0911679548228087,0.1262951353162164,0.1096647603551003,0.3271278504941255,0.1976262831710176,0.4256658132133713,0.1079299370677897,0.0065085784020482,0.2347395372209327,0.0024048240051685,0.0530975568902395,0.1605489220167021,0.0319686056806489,0.8671962862817353,0.5477495154459094,0.0157809097652604,0.1488598023497882,0.1076547582015266,0.0364432533320571,0.0712115048694695,0.0412050441482615,0.0145126941207437,0.0412050441482615
SB_27,0.0010945634790104,0.4978278869820673,0.1113675805042931,0.1770527318716468,0.136270317480122,0.1190635527375429,0.0564579245261617,0.0219366400871113,0.0293036761453217,0.0753717545909281,0.0840942345428354,0.0398012771797692,0.1992672663135329,0.4978278869820673,0.1392647709356533,0.0516826786747274,0.0024329934326191,0.073817814729535,0.0024500073727073,0.0263772784501434,0.702131279561721,0.0219423114004741,0.7290076335877863,0.4927917607159466,0.0324228984948334,0.2262173474133139,0.1440400167870875,0.0645055181879019,0.0795344985991856,0.0821773306262264,0.0284926783344486,0.0821773306262264
SF_06,0.0587983619583155,0.1893221685716032,0.0821618482977813,0.3192958865595012,0.1930963877513599,0.1187274616465986,0.0399883870179084,0.0128506814986858,0.026602897133427,0.0885031477293564,0.0802212578693234,0.0565063260191919,0.2252307316178717,0.1893221685716032,0.3322076890165638,0.0616557667624228,0.0020017113868345,0.4030010390562924,0.0071969928488478,0.040630157080863,0.1462930138744575,0.0203838396186052,0.8846800317828983,0.5517694517450034,0.0237454923293197,0.1806582727217162,0.151213251023776,0.0391326936006356,0.1120805574231404,0.0294450216979402,0.007701240755455,0.0294450216979402
AL_08,0.0037689420486224,0.4485352520674672,0.0643367752184273,0.1300129265367783,0.1348097618713887,0.1495896213926396,0.0835552648382625,0.024716161285801,0.035540189070068,0.0985531623292684,0.1281128813717703,0.0796773038047625,0.3063433475058014,0.4485352520674672,0.5414972978865891,0.0171782771885561,0.001386098522014,0.1411172888535875,0.0047345387718232,0.0504134934354996,0.240838511735115,0.0445420423928109,0.7308477004781261,0.4869878054478344,0.036272173682817,0.2540921054680808,0.214362472550577,0.0944727374667102,0.1198897350838667,0.0397296329175037,0.011914217633042,0.0397296329175037
OC_16,0.0022272983611413,0.425750075477502,0.0959504184016998,0.1420685962323909,0.1177221174714752,0.1492802579336823,0.0750616636950367,0.0280092737640203,0.0356595594392448,0.0913477148830241,0.1121624161914907,0.0832360195728827,0.2867461506473976,0.425750075477502,0.1823650376817868,0.0109599029330842,0.0014070145657337,0.403858751687563,0.0049387920181829,0.0195273114628964,0.372841770673715,0.022187537382725,0.7647209610991803,0.5005895789779492,0.0261978137158286,0.2206905194561062,0.1502885234322041,0.0626434784590057,0.0876450449731983,0.0704019960239021,0.021589413781907,0.0704019960239021
SF_01,0.0031338627339761,0.2932785025524674,0.0850538854225751,0.1940726035167328,0.1472490073737946,0.1320192853091321,0.0502268859897901,0.0229438457175269,0.0349262620533182,0.1107203630175836,0.1451503119682359,0.1178672716959727,0.3737379466817924,0.2932785025524674,0.4120674985819625,0.0167186613726602,0.0015882019285309,0.4106636415201361,0.0012336925694838,0.0692144072603516,0.086159954622802,0.0218377765173,0.831437889960295,0.4694412932501418,0.0262620533182076,0.2145774248440158,0.1712422007941009,0.0713981849120816,0.0998440158820192,0.0433352240499149,0.0130175836642087,0.0433352240499149
OC_01,0.0033096154498026,0.4574480214724399,0.1028107078694273,0.1637612516139768,0.1361010018212129,0.1293215288327904,0.0634558671716346,0.0243352264498057,0.0281964444745754,0.0826725915151814,0.0996151108289754,0.0643002197165564,0.2465879220607132,0.4574480214724399,0.2259567531254911,0.024529365903565,0.0009799420046901,0.1791629816122203,0.0040984995793645,0.022547910843767,0.54020073403203,0.024344471185699,0.7463768339244828,0.4860481527476896,0.0307911336819625,0.2161111093991229,0.1477093085245709,0.0648425775556302,0.0828667309689407,0.068401800874552,0.0227235608257398,0.068401800874552
LA_07,0.0068918694886753,0.4515240268096091,0.0975440313883998,0.1458108012094323,0.1349874872701723,0.128849539357864,0.0664635157218305,0.0253096604589842,0.0351659022191346,0.1002834113569798,0.1126066739822058,0.0673240125995689,0.2802140979387547,0.4515240268096091,0.1921671100725501,0.028301663364148,0.0016025767539531,0.0688476446858396,0.001859146923921,0.0139534700128679,0.6870712317736498,0.0239399704746942,0.7502861744203487,0.4944659787954623,0.0281003544615578,0.2168846855239163,0.1382084297116151,0.0550954835755618,0.0831129461360532,0.0786762558123011,0.0266438253428172,0.0786762558123011
SAC_03,0.0029193348759619,0.4999192810633374,0.0795485120809341,0.1620163590378302,0.146060915890868,0.1184146800839476,0.0597992789108324,0.0270812032502825,0.033135123499973,0.0911854921164505,0.0987999784749502,0.0579831028359253,0.247968573427326,0.4999192810633374,0.4722864984125275,0.1001183877737717,0.0034171016520475,0.1501237690362159,0.0067938438357638,0.0536511865683689,0.2098019695420545,0.0569203035032018,0.6909675509874617,0.4856589355862885,0.0330409514072001,0.2380401442178335,0.1707070978851638,0.0831943173868589,0.0875127804983049,0.0673330463326696,0.0189285906473658,0.0673330463326696
SC_13,0.0035086879899204,0.3546805100356451,0.1110420005900975,0.2211270862738531,0.1526518504342001,0.1164645183927019,0.0595679529197866,0.0197682671068475,0.0284522698819007,0.0683396728945878,0.0982592122995462,0.0605727135714456,0.2271715987655797,0.3546805100356451,0.307863448242865,0.0221047343364991,0.0005422517802604,0.4613286763474558,0.0082773139398578,0.0388746680701418,0.1554986722805674,0.0212594595025637,0.7997815044297186,0.5236397853320893,0.0331889986682934,0.2359672416130395,0.1916939786129518,0.0841606660127748,0.107533312600177,0.0442732630000877,0.0172563654776998,0.0442732630000877
RV_12,0.0007283717087382,0.5425390820342226,0.0740003913639032,0.1254321309764529,0.14657665296893,0.1298241036679494,0.0664122801295849,0.0224164546778857,0.0364946839736481,0.0904485465179483,0.1088209075294066,0.0558780684017133,0.2551475224490683,0.5425390820342226,0.5049790185463006,0.0382884351966603,0.0029678429326201,0.1146587524188463,0.0032722370795555,0.0503228752201421,0.281086252255778,0.0694127367208053,0.6474137368730024,0.4827908594786163,0.0292109668862653,0.2577892287956863,0.2073467701606766,0.100689235318418,0.1066575348422586,0.0504424586350096,0.0131976605135564,0.0504424586350096
SB_04,0.0001247193813918,0.4295335495135944,0.0661012721376902,0.1116238463457221,0.1318283861312048,0.1228485906709902,0.048266400598653,0.0461461711149912,0.0669743078074332,0.1162384634572212,0.1840858069343976,0.0825642304814168,0.3828885008730356,0.4295335495135944,0.6605138438513345,0.0133449738089299,0.0063606884509852,0.0077326016462958,0.0077326016462958,0.0337989523571963,0.2705163382389623,0.1050137191319531,0.6802195061112497,0.4973808929907707,0.0480169618358692,0.2474432526814667,0.1840858069343976,0.0784484908954851,0.1056373160389124,0.0633574457470691,0.0289348964829134,0.0633574457470691
RV_23,0.0024876573921696,0.5367216502736423,0.0864173906387538,0.1390409123961881,0.128975467870948,0.1100692716904588,0.0530827815836809,0.017528416701749,0.0307321367063416,0.0848865245512648,0.141069309962111,0.1056297600367407,0.3315855945501167,0.5367216502736423,0.2641126717440392,0.0782272570706877,0.0057407478280837,0.0500210494087029,0.0,0.0285123808794825,0.571893298633702,0.0463852424509166,0.6848329442382027,0.4811894829499789,0.0362049829691147,0.2305484327758429,0.1359791802212101,0.0496766045390179,0.0863025756821922,0.0945692525546327,0.0329136208810134,0.0945692525546327
SB_15,0.001470667360152,0.5337446419283678,0.1128288824721559,0.1377584877235145,0.1270333769750883,0.1330774611259572,0.0637408755851283,0.0221317502735082,0.0263823376437039,0.0764029628566816,0.0982477536452822,0.0456982979715551,0.220349014473519,0.5337446419283678,0.2361138511756371,0.0698746345750309,0.0002690245171009,0.0739458722671592,0.0018831716197069,0.030399770432412,0.5797657693204441,0.0358520006456588,0.6958229459978119,0.4996323331599619,0.0354215614182972,0.2359345014975698,0.1505281848019082,0.0680452678587442,0.082482916943164,0.0854063166956615,0.0304535753358322,0.0854063166956615
RV_25,0.000407747196738,0.5714576962283384,0.0844546381243629,0.1118756371049949,0.1889398572884811,0.1350152905198776,0.0523445463812436,0.0113659531090723,0.0186034658511722,0.0850152905198776,0.1093781855249745,0.0289500509683995,0.2233435270132517,0.5714576962283384,0.4177370030581039,0.0910295616717635,0.0042303771661569,0.0784913353720693,0.0,0.0299694189602446,0.3716106014271151,0.0478083588175331,0.6654434250764526,0.4676860346585117,0.0391946992864424,0.2388379204892966,0.1840978593272171,0.1088685015290519,0.0752293577981651,0.0547400611620795,0.0279816513761467,0.0547400611620795
SF_09,0.007574634101824,0.306704235635003,0.0528969553165033,0.195856766406954,0.1867763315499481,0.1483213743854165,0.0651372902430955,0.0255187597677416,0.0309373609701007,0.1021662997227957,0.1167451888525113,0.0634945985101698,0.282406087085477,0.306704235635003,0.3449082260070042,0.0408163265306122,0.0023841845290379,0.2440195754098173,0.0008555686108988,0.0553039550084986,0.3062935627017716,0.0184802819954141,0.8281219698611697,0.5337949601305028,0.0260891388416741,0.2024161257571782,0.1414426027537901,0.0571747983709973,0.0842678043827928,0.060973523003388,0.0253020157196472,0.060973523003388
AL_01,0.0034035969831754,0.4272545606910333,0.0569071101656675,0.1370850254625153,0.1616837491136466,0.1399729259330883,0.0588796493263714,0.0266744021143557,0.0354799200670405,0.099013730419648,0.1565654612260684,0.0838006832978792,0.3393798749435956,0.4272545606910333,0.4128795204022433,0.0676078128021659,0.0033649197447302,0.3111970605298781,0.005324566492619,0.0687939147811513,0.120892154966802,0.0346805904725069,0.7448978276284407,0.4791723070972732,0.0339715077676787,0.2457293882550119,0.191168697221685,0.0881067491781086,0.1030619480435763,0.0545606910333268,0.0118352349642235,0.0545606910333268
OC_09,0.0020058088223495,0.4072594232898474,0.1131918034628283,0.1643078354915836,0.1331536128628508,0.1254352605144498,0.0615703076108409,0.0241017988093518,0.0327347999807442,0.090068839358783,0.121086666987596,0.0725942328984739,0.2837497392448531,0.4072594232898474,0.3829811133041287,0.0135993838155297,0.0028642949983151,0.1076878640543012,0.003024759704103,0.0431168664452253,0.4440780500328952,0.0299186443941655,0.7661547842552031,0.4842343426563327,0.0261958632198847,0.2219387345753301,0.1621174922575779,0.0667292479019239,0.0953882443556539,0.0598212423177522,0.0185256502832202,0.0598212423177522
RV_18,0.0049057904411764,0.4497702205882353,0.0846392463235294,0.1319623161764705,0.1427504595588235,0.1230583639705882,0.0690372242647058,0.0228170955882352,0.0252527573529411,0.1229090073529411,0.1517463235294117,0.0765395220588235,0.3511948529411764,0.4497702205882353,0.2154871323529411,0.0245978860294117,0.0007582720588235,0.0227941176470588,0.001711856617647,0.0143037683823529,0.7182215073529412,0.0300436580882352,0.7447840073529411,0.4997817095588235,0.0275965073529411,0.2344209558823529,0.1778607536764705,0.0714269301470588,0.1064338235294117,0.0565602022058823,0.0177849264705882,0.0565602022058823
SD_03,0.0011454031893362,0.4944434971494658,0.091176317955029,0.1453883621105073,0.1450102678538332,0.1347831888914424,0.0565881070822243,0.0260514356461334,0.0318785353666402,0.080800966735119,0.1008103078873427,0.0621927984164522,0.243804073038914,0.4944434971494658,0.1612497868586298,0.0499380963324857,0.000796963384166,0.1470527182011609,0.0026244189580908,0.0312038965949276,0.6037460985862241,0.0618999607078517,0.6716992742072995,0.4826855071281888,0.0308591635961953,0.2387183346060035,0.1724072742369539,0.0834327993060858,0.088974474930868,0.0663110603690496,0.0199722730878438,0.0663110603690496
SO_10,0.0006895488380459,0.3714398293687844,0.0638839159521341,0.1103192482632791,0.1175445208706303,0.1242986731538507,0.0761287614674969,0.0321989326983202,0.0491635472790659,0.1601894760285413,0.2248785794437353,0.0964169157893835,0.4814849712616602,0.3714398293687844,0.6623009516630547,0.0108486161911206,0.0035077049587555,0.0381650291666309,0.0013448343797915,0.0434544255330084,0.2358942292043206,0.0533907814601303,0.7583966490496218,0.491776808887899,0.022896447752756,0.2559425404521042,0.2034383217837472,0.0672674164618007,0.1361709053219465,0.0525042186683569,0.0196628491644038,0.0525042186683569
OC_31,0.0002682891774062,0.4000958175633594,0.0708187610789057,0.1033871508647535,0.129056676088727,0.1381785081205385,0.0833229530973027,0.0298663344991136,0.0375029942988549,0.1392037560484836,0.1752311598716044,0.10120251042016,0.4156374263402482,0.4000958175633594,0.5911464571455948,0.0104728596751784,0.0002203803957265,0.1337134096679921,0.0006419776745077,0.0432903751257605,0.2181191012312557,0.0416518947923154,0.7570162410769894,0.4948306424567623,0.0268480812532937,0.2667944234178125,0.2291764480429262,0.0860729171657164,0.1431035308772097,0.0376179753748862,0.0136827480477171,0.0376179753748862
SD_11,0.0030151520934315,0.4503263234227701,0.0938895462005267,0.1655852830044654,0.122266325712759,0.1181825121178581,0.0624594481126674,0.0260677073394145,0.0371550704171596,0.0885080722109843,0.1154536086408915,0.094500209915652,0.2984618907675279,0.4503263234227701,0.093984962406015,0.0434525399793901,0.000858745849395,0.1720163352543796,0.0046563108278309,0.0208770657608488,0.658715316209305,0.0450746154726918,0.7072439983206747,0.4619289340101523,0.0266592878134422,0.2240563337277203,0.1324758597000114,0.0591771306438685,0.0732987290561428,0.0915804740277088,0.0210678981718255,0.0915804740277088
RV_27,0.0004714425056898,0.5559770239514469,0.1174433727105234,0.1638560745637802,0.1343286008453451,0.1209114555110003,0.0544272244499837,0.0214587623279505,0.0205321339546981,0.0740652433076839,0.0804811964885661,0.0235612875257396,0.1781077273219898,0.5559770239514469,0.1179093963368375,0.1735396120082367,0.0010458437195188,0.05352769047361,0.0057060799826595,0.0264712257505147,0.6169610924460821,0.0331797984176872,0.6873414977782595,0.4960929879700878,0.0349355153354286,0.2149669448358079,0.1354828221523789,0.0658610599328059,0.0696217622195729,0.079484122683429,0.0234366533000975,0.079484122683429
RV_28,0.0011328327291558,0.5999158467115484,0.1167141377524598,0.1638723459347488,0.1299520973588814,0.1191740031071983,0.0525310719834282,0.0132379596064215,0.029825867426204,0.0543112377006732,0.0710447954427757,0.0241131538063179,0.1494691869497669,0.5999158467115484,0.0743785603314344,0.0735693940963231,0.0011328327291558,0.0256505696530295,0.007492879337131,0.0129790264111859,0.8035182547902641,0.0144678922837907,0.6846679181771103,0.4968766183324702,0.0376262299326773,0.208408855515277,0.1416040911444847,0.0850595546349042,0.0565445365095805,0.0668047643707923,0.0211354220611082,0.0668047643707923
SC_06,0.0014242565626304,0.4701028902585762,0.0567247010289025,0.0771308597107285,0.1300984701520025,0.1681850551285514,0.0842030302286177,0.0264469709991896,0.0437344989318075,0.0899737249220342,0.1499889497335658,0.1168872627262235,0.3568499373818235,0.4701028902585762,0.667706210249736,0.0098470152002553,0.0002455614763155,0.1908012670972177,0.0,0.0454043169707536,0.080396827345726,0.0292218156815558,0.7356039584509982,0.4974584387201335,0.0171647471944601,0.2748815165876777,0.2402327922795472,0.1120497016428062,0.1281830906367409,0.0346487243081305,0.0103381381528865,0.0346487243081305
SC_08,0.0,0.4348496530454896,0.0585967617579028,0.0239013107170393,0.0755589822667694,0.1804163454124903,0.0801850424055512,0.0381649961449498,0.0639938319198149,0.1048573631457208,0.2860447185813415,0.1326137239784117,0.5235158057054742,0.4348496530454896,0.6861989205859677,0.0111796453353893,0.0,0.2085582112567463,0.0,0.038550501156515,0.0555127216653816,0.0212027756360832,0.7613723978411719,0.5131071703932151,0.0046260601387818,0.3030069390902081,0.2752505782575173,0.1106399383191981,0.1646106399383192,0.0277563608326908,0.0042405551272166,0.0277563608326908
AL_04,0.0005205435192331,0.5188203406867584,0.0543878228716052,0.1558399597925006,0.2196155157868284,0.144423901922421,0.0427922672362729,0.016980488592917,0.0176625801008777,0.067598858394213,0.0814201863186803,0.0287555419935021,0.1777745867063955,0.5188203406867584,0.2727827538547145,0.0485720952774137,0.0021539731830338,0.5068657895209204,0.0028360646909945,0.0558956040997289,0.1064421747949238,0.0203729963561953,0.7160883846996104,0.4782717955161458,0.0378740284683455,0.2577408411265279,0.2137638886395864,0.1270844177989984,0.086679470840588,0.0439769524869415,0.0138931270305684,0.0439769524869415
RV_06,0.0004713887522544,0.5532464338416134,0.0887440564026889,0.1240367273323495,0.1673020167240531,0.160928020987047,0.0515043449745859,0.0169494999180193,0.0210690277094605,0.087473356287916,0.0655025414002295,0.0327102803738317,0.1856861780619773,0.5532464338416134,0.2190727988194786,0.0676955238563699,0.0001229709788489,0.3129406460075422,0.0041810132808657,0.0262747991474012,0.3640965732087227,0.0327307755369732,0.6893343171011641,0.4974176094441712,0.0337760288571897,0.2247294638465322,0.1896827348745696,0.1042998852270864,0.0853828496474831,0.0350467289719626,0.0131373995737006,0.0350467289719626
OC_12,0.0006628003314001,0.4162386081193041,0.0415907207953604,0.0608119304059652,0.1115161557580778,0.1063794531897266,0.1032311516155758,0.0377796188898094,0.0371168185584092,0.1149958574979287,0.303893951946976,0.168019884009942,0.5869096934548468,0.4162386081193041,0.6183927091963546,0.0066280033140016,0.0,0.1942004971002485,0.0,0.0273405136702568,0.1413421706710853,0.0346313173156586,0.7572493786246893,0.4818558409279204,0.0130903065451532,0.2861640430820215,0.2603148301574151,0.076222038111019,0.184092792046396,0.0258492129246064,0.0092792046396023,0.0258492129246064
RV_20,0.0005164160724571,0.2814864838024112,0.0595467455856356,0.0962122867300931,0.0999662343337239,0.0888831509325282,0.0618904800683258,0.0294754404433233,0.0547202415238246,0.1668023914036586,0.3354321012175502,0.2348898643414702,0.737124356962679,0.2814864838024112,0.6576558682741772,0.0315411047331519,0.0012910401811428,0.0420481855919915,0.0014499374342066,0.0325937990346991,0.2290503902913778,0.0627445528035434,0.7965122052952509,0.4649730867777623,0.0135062665104177,0.2684767712078177,0.2051562158619183,0.0423262557848531,0.1628299600770651,0.0633205553458994,0.0143007527757363,0.0633205553458994
OC_08,0.0011177026910841,0.4881781446135328,0.0717909036196371,0.1536411314590319,0.1418622646376064,0.1243229301005932,0.0630212363511306,0.0412690224400309,0.0324133780414409,0.0894162152867337,0.083225861920729,0.0825380448800619,0.2551801220875247,0.4881781446135328,0.4462213051328346,0.0364543031553606,0.0017195426016679,0.1439257157596079,0.0030091995529189,0.0418708623506147,0.3245636660648268,0.0335310807325251,0.7162754707247873,0.4616112114177629,0.0242455506835181,0.2512251741036884,0.1593156220445361,0.0758318287335568,0.0834837933109792,0.0919095520591522,0.0206345112200154,0.0919095520591522
SAC_05,0.000345350715986,0.4662234665811512,0.07321435178904,0.1182209504545062,0.1542607644584777,0.1643129370844999,0.0677627440581176,0.0228918188882173,0.033030329193236,0.0801213661087608,0.1162845196541559,0.0699828558037421,0.2663887415666588,0.4662234665811512,0.5586417849698435,0.043797871159515,0.002170775929055,0.1823945138571975,0.0027011359571765,0.0577969091110919,0.1481184552955832,0.0423794664331438,0.7243114570100029,0.453692169172515,0.0260246432403764,0.2516496663665404,0.2127607089556841,0.1082181136450534,0.1045425953106306,0.0388889574108563,0.0136166853731637,0.0388889574108563
AL_15,0.0022367628899503,0.4185690869700871,0.0670149981763131,0.1286468243679716,0.1532951604185251,0.1418081305671885,0.0744591560065213,0.0289329015077276,0.0370274344022042,0.1040424325785174,0.1425551830058753,0.0724640865526166,0.3190617021370094,0.4185690869700871,0.3186749926393362,0.0744108173193121,0.0030541261463959,0.3077680270345094,0.0074881020913073,0.0451307561489007,0.2387403816998519,0.0328395463194484,0.7575023839761647,0.4905761532072719,0.0282957097217888,0.2504515272827945,0.1939787573441846,0.0857352534045816,0.108243503939603,0.0564727699386098,0.0181050355728793,0.0564727699386098
LA_04,0.0045633080035527,0.3220290141123063,0.0580874370867462,0.1834915622224415,0.1638290733247804,0.1477785453468864,0.0678693378071647,0.0256982137570314,0.0322550083884338,0.0957584131056942,0.1430494424158689,0.0811447744991611,0.3199526300207244,0.3220290141123063,0.6229704924504096,0.041030297049245,0.0011329320043422,0.0851120102634955,0.0013224119214447,0.0497147932497779,0.1921444784367907,0.0208033158985492,0.8179532221454653,0.4981979670383894,0.0277588078555215,0.2240560544754761,0.1710924701470443,0.0677982828382512,0.103294187308793,0.0529635843284318,0.0153597157801243,0.0529635843284318
SF_10,0.0156206220229756,0.3588400112076211,0.061179602129448,0.1916223031661529,0.1582376015690669,0.1282011768002241,0.0691230036424768,0.0271784813673297,0.0412860745306808,0.0938077892967217,0.1200896609694592,0.0736060521154385,0.2875035023816195,0.3588400112076211,0.1769403194172037,0.133412720650042,0.0009806668534603,0.4275287195292799,0.0046511627906976,0.0509386382740263,0.2017511908097506,0.019641356122163,0.8006584477444663,0.5042588960493135,0.0275707481087139,0.2093863827402634,0.1367609974782852,0.0497198094704399,0.0870411880078453,0.0726253852619781,0.0199915942841131,0.0726253852619781
OC_30,0.001077647325733,0.4198287107934887,0.0840848505473314,0.1376694458624014,0.1510266008734615,0.148502637400034,0.0703448471442345,0.0299614315693948,0.0314219272871646,0.0965628722137144,0.1234756962168907,0.0541092394078611,0.2741478078384663,0.4198287107934887,0.4905705858998355,0.0231126992229595,0.0016448301287504,0.191239861607396,0.005572571039646,0.0466082468379558,0.2351965288412455,0.0300181498496965,0.759315977539561,0.4991917645057002,0.0378027338211105,0.2551330043673075,0.208666553230106,0.0923373603312347,0.1163291928988713,0.0464664511372015,0.0145057001871703,0.0464664511372015
SD_14,0.0001333437045103,0.4931716911315325,0.0998410987521251,0.1258208971808918,0.1560232462524863,0.1184203215805673,0.0583156467725267,0.0210238574111319,0.0300578933917082,0.0865178402764659,0.1229873434600468,0.0783172024490793,0.2878223861855922,0.4931716911315325,0.4425344193437267,0.0144455679886213,0.0014667807496138,0.1046081361883702,0.0,0.0418699232162501,0.3900525596435278,0.0517929172268954,0.6992877223784072,0.5000055559876879,0.0399475514762259,0.2391074861378107,0.1835809451846254,0.0871512228728901,0.0964297223117353,0.0555265409531852,0.0147789272498972,0.0555265409531852
SO_05,0.007482124616956,0.392288049029622,0.0621552604698672,0.13255873340143,0.1395045965270684,0.1338100102145046,0.0722165474974463,0.0280388151174668,0.0412665985699693,0.1120531154239019,0.191164453524004,0.0853932584269663,0.3886108273748723,0.392288049029622,0.6622318692543412,0.0126659856996935,0.0033452502553626,0.0485699693564862,0.0009193054136874,0.0508682328907048,0.2201991828396322,0.0426966292134831,0.758197139938713,0.4835035750766088,0.022752808988764,0.2551327885597548,0.1996680286006128,0.0859039836567926,0.1137640449438202,0.0554647599591419,0.0218845760980592,0.0554647599591419
SB_30,0.0024355054335596,0.4566572687924393,0.115580616553495,0.1542707381964023,0.1297171372222001,0.1104713497200492,0.0609405816092866,0.0273332539146778,0.0248712755959708,0.090590212974361,0.1266198096599557,0.0797628029490794,0.2969728255833962,0.4566572687924393,0.43526717759335,0.0488954188672252,0.0014162993553852,0.0878105600338853,0.0086566334431958,0.0426213450872943,0.3721161100742564,0.0483791976068511,0.723040675588029,0.4756648003282637,0.0317012799639968,0.2353836582879985,0.1704853803491773,0.0684853538762922,0.1020000264728851,0.0648982779388211,0.0196825901070828,0.0648982779388211
SC_09,0.0025826446280991,0.5006026170798898,0.0775223829201102,0.1401084710743801,0.1378271349862259,0.1203942837465564,0.0696022727272727,0.0304321625344352,0.0429579889807162,0.0971935261707988,0.1017561983471074,0.0627582644628099,0.2617079889807162,0.5006026170798898,0.3784004820936639,0.0204889807162534,4.304407713498623e-05,0.1661070936639118,0.0001721763085399,0.0603477961432506,0.368543388429752,0.0346935261707989,0.7150051652892562,0.4806301652892562,0.0349087465564738,0.2490099862258953,0.1915461432506887,0.0896177685950413,0.1019283746556473,0.0574638429752066,0.0160123966942148,0.0574638429752066
RV_03,0.0030074796409251,0.4700261038817318,0.1449025823964795,0.1583320856415631,0.1359484952837251,0.1157749467832336,0.0537928744865477,0.0211500029293632,0.0242486183169831,0.0772700938047221,0.094566356588138,0.0498382340496169,0.221674684442477,0.4700261038817318,0.2725121568576394,0.0532623342468607,0.0023369809330998,0.0794052741558551,0.0028610114765943,0.029931583093017,0.5579200218725792,0.0316826913687938,0.7326174837420337,0.4946002070083389,0.0302375388140635,0.2104161648775851,0.1429724574754096,0.0648463386213765,0.078126118854033,0.0674437074021755,0.0210458477902836,0.0674437074021755
OC_21,0.0039486918406119,0.5046626848621062,0.0958489066593818,0.1473929941763004,0.1493052537469112,0.131709982243304,0.0556293693268597,0.0200538909515353,0.0264239504302584,0.0867967168738281,0.0988663032545664,0.0569455999403971,0.2426086200687916,0.5046626848621062,0.2560937752225796,0.0220406541417803,0.0014652378528056,0.2434157426148287,0.0022226913190865,0.0316764556144686,0.4390125786944482,0.0202401500006208,0.7267207231818013,0.4929780338494778,0.0422559696025231,0.2408453677374492,0.1693715619683856,0.0801162256466293,0.0892553363217562,0.0714738057690636,0.0224007549700122,0.0714738057690636
RV_11,0.0015334947538337,0.6008878127522196,0.1037530266343825,0.1438458434221146,0.1328087167070218,0.1017958030669895,0.0478006456820016,0.0232445520581113,0.0302865213882163,0.0762711864406779,0.1018159806295399,0.053954802259887,0.2320419693301049,0.6008878127522196,0.2547013720742534,0.08182001614205,0.0030871670702179,0.0307909604519774,0.0076271186440677,0.0253430185633575,0.5940274414850686,0.0543785310734463,0.6432808716707021,0.4998385794995964,0.0419289749798224,0.2101291364003228,0.1342816787732042,0.0691686844229217,0.0651129943502824,0.0758474576271186,0.0241928974979822,0.0758474576271186
SC_07,0.0037499828924138,0.4177809407803796,0.0685124611657793,0.2000903280550727,0.1651771661625631,0.1168653427675968,0.0596986327617118,0.0226093859060861,0.0382936209232622,0.0785306636374834,0.0970342288584449,0.0641602912395472,0.2397251837354756,0.4177809407803796,0.1061765229173224,0.021911396389615,0.0020665964115127,0.6994128676420271,0.0012591183434382,0.0358711867190386,0.1320431932336075,0.0197216253575485,0.7708267754252945,0.5083416590252782,0.032819193343096,0.244351075040716,0.1942053184063941,0.0950497488606347,0.0991555695457593,0.0501457566343219,0.0179150642560937,0.0501457566343219
SD_18,5.895878780732268e-05,0.4460821885502034,0.0840752314132421,0.1221036495489652,0.1183892459171039,0.1534697246624609,0.0553623017510759,0.0264135369376805,0.0472259890336654,0.1057720653263368,0.1742821767584458,0.0597842108366252,0.3398384529214079,0.4460821885502034,0.7309710512351866,0.0146807381640233,0.0012381345439537,0.0223453805789752,0.0038323212074759,0.0298331466305052,0.1930310712811744,0.0663875950710453,0.7092742173220918,0.4803962030540652,0.0321914981427981,0.2550557160544779,0.2054124167207122,0.082778138081481,0.1226342786392311,0.0496432993337657,0.0165084605860503,0.0496432993337657
SO_08,0.0095282907893189,0.2780849311845665,0.0448182566756852,0.0657569697682625,0.0929302435007646,0.1636278084931184,0.068697800258793,0.0228208446065168,0.046347488530761,0.1635101752734972,0.3338430772850252,0.2145629925891071,0.7119162451476297,0.2780849311845665,0.8262557346194566,0.0167039171862133,0.0,0.0135278202564404,0.0010586989765909,0.0287025055875779,0.1137513233737207,0.0570521115162922,0.8039054228914245,0.4441830372897306,0.0229384778261381,0.2559698858957769,0.2073873661922126,0.0561110457593224,0.1512763204328902,0.0485825197035642,0.0116456887425008,0.0485825197035642
SD_12,0.0030019331515041,0.4225834146113548,0.0962604323017351,0.156737120597116,0.1349818657540167,0.1154868212798514,0.0644422770305391,0.0273970202601286,0.0379329879747463,0.0968327853150569,0.1391401856059057,0.0749665640714156,0.3109395349923783,0.4225834146113548,0.4306722811771783,0.0399712655425964,0.0018747481354724,0.0686297985667813,0.0072069756983582,0.0532229899020575,0.3923363099583584,0.0729925302091424,0.6940714740426228,0.4790069091185179,0.0323963486213884,0.2381630972474492,0.1785566191457923,0.067210596707218,0.1113460224385742,0.0596064781016569,0.0224385742569631,0.0596064781016569
SO_06,0.0097423170345337,0.3907487591086704,0.1751768930193262,0.1581212377230964,0.1320625198014574,0.0893705776745168,0.0662160735030098,0.0186661738303939,0.0389956700813179,0.1065582426866617,0.0961558770725525,0.0493188298658781,0.2520329496250924,0.3907487591086704,0.5164484106030204,0.0336888795015313,0.0065212799662055,0.0587443235822156,0.0069965149434998,0.0511141620023233,0.3232389903896926,0.0429823635019537,0.7599799345231809,0.4903368887950153,0.0270883937057767,0.2190305206463195,0.1557714647798078,0.0566849720139402,0.0990864927658675,0.0632590558665117,0.0224416517055655,0.0632590558665117
OC_05,0.0017480158092606,0.4520805886700298,0.1080363741525015,0.1575656309244561,0.118633719996144,0.1270910317791844,0.0625494039394621,0.0263551942418302,0.0348253590822917,0.0819125349442498,0.1126056360656791,0.0832878120883005,0.2778059830982295,0.4520805886700298,0.3128305645705472,0.0197551492561293,0.001343144500498,0.2376787378297612,0.0016837505221554,0.0280775039362488,0.395462870730375,0.0292471321615629,0.7441213328620545,0.4871244497284792,0.0291571607596156,0.2324861026316635,0.1754378072684039,0.0736351659651039,0.1018026413033,0.0570482953632595,0.0187847434208412,0.0570482953632595
RV_22,0.0001396973224679,0.2554598370197904,0.0326891734575087,0.0667753201396973,0.0738067520372526,0.0874039580908032,0.0758556461001164,0.0358556461001164,0.0646798603026775,0.2127124563445867,0.42011641443539,0.2375785797438882,0.8704074505238649,0.2554598370197904,0.6873573923166473,0.0145750873108265,0.0043771827706635,0.0450756693830034,0.0001396973224679,0.0163911525029103,0.2312922002328288,0.0744121071012805,0.7978579743888242,0.5072875436554133,0.0086612339930151,0.2657508731082654,0.2302677532013969,0.0359022118742724,0.1943655413271245,0.0354831199068684,0.0117811408614668,0.0354831199068684
SB_39,0.0002128730115725,0.5176297557765994,0.0855749506521655,0.1419862987188915,0.0996632735998761,0.1333165615203003,0.059991485079537,0.0338855130239578,0.0345047799667144,0.097457135116306,0.1385222742578472,0.0685451097263614,0.3045245191005147,0.5176297557765994,0.5549212369857182,0.0120370011998297,0.003986530943995,0.0380462127956032,0.0015094631729689,0.033363006541007,0.3502148082207686,0.0413554205209583,0.6986492239811124,0.4837829469365638,0.0338661609319967,0.252409335449162,0.1936950884390602,0.090451677826373,0.1032434106126872,0.0587142470101017,0.0175523474087548,0.0587142470101017
SB_03,0.0037251356238698,0.6062206148282098,0.0899457504520795,0.1549367088607595,0.1264014466546112,0.0845569620253164,0.0647377938517179,0.0237974683544303,0.0262929475587703,0.0896202531645569,0.1081374321880651,0.0546835443037974,0.2524412296564195,0.6062206148282098,0.2480650994575045,0.1399276672694394,0.0086799276672694,0.0139240506329113,0.0039783001808318,0.0762386980108499,0.5055696202531645,0.0699095840867992,0.6166365280289331,0.4676672694394213,0.0330922242314647,0.2367088607594936,0.1227124773960217,0.050126582278481,0.0725858951175406,0.1139963833634719,0.0321880650994575,0.1139963833634719
OC_03,0.003269460047444,0.4248577293231234,0.0951707862682678,0.1586179771137796,0.1358177952039725,0.1185855283373689,0.0623778561683403,0.0319079634705441,0.0409788714217234,0.1069580501235265,0.1171351663614351,0.0641354982239211,0.2882287147088828,0.4248577293231234,0.2243267493454934,0.0221241657345837,0.001118499489915,0.3212797600757138,0.0034046632824887,0.0283558057498248,0.3984070600671099,0.0301257390085915,0.7572364458756867,0.4989368109244214,0.0279501960446908,0.2388795339175752,0.1718678941481581,0.0632136579849801,0.108654236163178,0.067011639769417,0.0237097309455622,0.067011639769417
OC_23,0.0003080491428985,0.4717863226180553,0.0781357590693291,0.1266625593447613,0.1619976080890081,0.1579204870800565,0.0693654187656289,0.0287754140542891,0.0302794186931468,0.0714674011524662,0.0794766788678288,0.0709962671692095,0.2219403471895046,0.4717863226180553,0.5597434131845033,0.0243540028268039,0.0,0.1603486391476099,3.624107563512485e-05,0.0578407567136592,0.1940709600260936,0.0265103468270938,0.7365455006704599,0.4810821585184648,0.0310404812814844,0.2547022795636574,0.1993621570688218,0.1050809988040445,0.0942811582647773,0.0553401224948356,0.0164353278005291,0.0553401224948356
SB_35,0.001128768374193,0.4294139282407701,0.0974291983207985,0.1617182644869177,0.1276649714003069,0.1291108095425317,0.0575798698745672,0.0238816949281519,0.0367039963473562,0.0937258234301875,0.1316473676867858,0.0770352708409958,0.3024084619579692,0.4294139282407701,0.3487767448349335,0.0649358884929039,0.0018897358174692,0.0987608913465318,0.0015092520958311,0.0401283498420992,0.4372392101157938,0.0404707851915735,0.744099331616929,0.4786358390300201,0.0292972465661344,0.2482402627874237,0.1761259147462807,0.0683095108247618,0.1078164039215189,0.0721143480411429,0.024211447486905,0.0721143480411429
OC_07,0.0005597928766356,0.4061297319991603,0.0842488279336645,0.1120285494367084,0.1274228535441886,0.1592610734028409,0.0524805821845917,0.0373661745154292,0.0358267441046812,0.085088517248618,0.174935273948639,0.116576866559373,0.37660065775663,0.4061297319991603,0.224546917640473,0.0392554754740745,0.0004198446574767,0.4882793366454412,0.0,0.0387656567070184,0.208732768875516,0.0359666923238401,0.7595689594849906,0.471975369113428,0.0182632426002379,0.2445595129801973,0.1918690084668672,0.074032607935064,0.1178364005318032,0.05269050451333,0.0107760128752361,0.05269050451333
SC_03,0.018489074637714,0.5653931767591878,0.0996683777767682,0.1138191068913823,0.1456639258619906,0.1246081860718666,0.0558760732294553,0.0235315495389088,0.0238949711534093,0.082451278789806,0.1119338572661609,0.0660973061372825,0.2604824421932494,0.5653931767591878,0.2190750919910961,0.0133330304819879,0.0005451324217507,0.0885158769817835,0.0009312678871575,0.0265297778585381,0.6482078771634943,0.0274156180438831,0.6895243719620224,0.4883705083359833,0.0333666469813292,0.2386771453232181,0.1606096397583246,0.0787489210920819,0.0818607186662426,0.0780675055648934,0.0186253577431517,0.0780675055648934
SC_04,0.0021128591860616,0.4945390716421792,0.0577298140683916,0.0594526069431803,0.1104862826680535,0.1806657131712391,0.0588675074762709,0.0313028214796515,0.0423872058249902,0.1090235340007801,0.1915225588350019,0.1231309322584839,0.423677025094266,0.4945390716421792,0.5407619295280197,0.0069236770250942,9.75165778182291e-05,0.3628591860616305,0.0,0.0401443245351709,0.0421596671434143,0.021583669223768,0.7308217396957483,0.498732284488363,0.0202834481861916,0.2838057469769861,0.2628396827460668,0.121310622805877,0.1415290599401898,0.0209660642309192,0.0054284228318814,0.0209660642309192
OC_24,0.0011341678568428,0.3379820213391582,0.062925312946316,0.1194656809207762,0.0985045786776443,0.1578593631857515,0.0869528690246156,0.0397378812064185,0.0415861547509031,0.1578593631857515,0.2209527009997479,0.0691422330504914,0.4479542972359909,0.3379820213391582,0.7545996807527514,0.0096614298916239,0.0,0.0348231538267663,0.000840124338402,0.0403259682433,0.1555490212551457,0.0339410232714441,0.793917499789969,0.4721078719650508,0.0345291103083256,0.2678316390825842,0.210493152986642,0.0598588591111484,0.1506342938754935,0.0573384860959422,0.0188607913971267,0.0573384860959422
RV_14,0.0017116462285164,0.3737485052404511,0.0965087106379985,0.127881075757931,0.127623156463223,0.1230275035756993,0.0709043588360805,0.0333888250603765,0.0464020258388238,0.1155009496119486,0.1723838776993599,0.0868953551079744,0.3747801824192829,0.3737485052404511,0.294168679218739,0.0145841637553049,0.0021336959834931,0.0667307557035335,0.0026260873642992,0.0271049731529461,0.5909165513845577,0.0378672419048512,0.7748833501371661,0.5206218199723323,0.0208211212455157,0.2296654083331379,0.1637553049309479,0.0514900701071537,0.1122652348237942,0.0659101034021899,0.0183357171328753,0.0659101034021899
SB_40,0.0026808390555921,0.4768130937823346,0.0752986548772458,0.1263756937258959,0.1172984667481892,0.0880914307214749,0.0648574922396764,0.0458094252657322,0.0315116169692409,0.1133477565610008,0.1820148621954661,0.1293387263662872,0.4247013451227542,0.4768130937823346,0.6243533063681685,0.0306650362148433,0.0138745179192926,0.0200827767848744,0.0063493556579813,0.0494779418681215,0.2536450004703226,0.0777443326121719,0.676935377669081,0.4713103188787508,0.0263380679145894,0.2383595146270341,0.1614147305051265,0.0570971686576991,0.1043175618474273,0.0769447841219076,0.0302417458376446,0.0769447841219076
SAC_06,0.0027809993381464,0.4721505382873173,0.0838504696731415,0.1454848229086338,0.1320488921543029,0.1184338358967508,0.0652381154782651,0.0258472029097268,0.0371943481349695,0.1046669783652824,0.1306189241540115,0.0763681848818075,0.3116540874011014,0.4721505382873173,0.4740268020329226,0.0796319122710077,0.0032956056567226,0.1445299928957003,0.0071346598740656,0.0570104864320021,0.2304586220087559,0.0503114962140762,0.712559733801286,0.4905063483292752,0.0329014081086168,0.2424448505971862,0.1682003655374676,0.0719052274286685,0.096295138108799,0.0742444850597186,0.0233090856098464,0.0742444850597186
LA_05,0.0052994969347644,0.2705798488767592,0.1521293712702906,0.2048066152060123,0.1439907126418053,0.1084869345607853,0.0559318927065724,0.0195156724169535,0.0276869182671744,0.0858510356626407,0.1323692946903195,0.0861035866310922,0.3043239169840526,0.2705798488767592,0.563082751176195,0.0480254180329538,0.0005865699912421,0.1925823336524165,0.0013727367156153,0.0537974296828855,0.1319945416403593,0.016134748161877,0.8483187030285749,0.4760178415039003,0.0232183954866697,0.1856942096580378,0.1492005947167966,0.0554308641723864,0.0937697305444102,0.0364936149412411,0.0128230717529888,0.0364936149412411
SC_15,0.002453932985321,0.3990541203765672,0.0644141474016992,0.2395166070711513,0.1566820276497695,0.1139198551860846,0.0550573327979297,0.0208424957454538,0.0271908522477388,0.0787298187913902,0.1002989336545754,0.0666704909778126,0.2456992434237783,0.3990541203765672,0.270448910390016,0.0119573461830187,0.0015106029026521,0.4965103160793162,0.000675628302452,0.0468860546494062,0.1669439292247484,0.0247432931143277,0.7750795138025763,0.5194498091031353,0.0373826414517085,0.2444308468937032,0.2013882249459816,0.0965829779910893,0.1048052469548922,0.0430426219477216,0.0148574488020345,0.0430426219477216
OC_02,0.0006225519441778,0.4087053513527535,0.0843817281004383,0.1415268086430961,0.1237062592410054,0.1353272288656584,0.0693107831184664,0.0281704754740473,0.0348629088739591,0.1110736427070633,0.1527327436382973,0.0929158776685429,0.3567222640139036,0.4087053513527535,0.4154756037456875,0.0098830121138232,0.0003631553007704,0.1967523540245389,0.0009857072449482,0.0428523254909081,0.331301392959975,0.0366008663847889,0.7590464579388343,0.473658270861975,0.0270031905787139,0.2528857876579077,0.1936655339679904,0.0766257684625561,0.1170397655054343,0.0592202536899172,0.0122175819044901,0.0592202536899172
RV_04,0.0006652095410054,0.4962463175900408,0.0978491558174158,0.1584465773385283,0.122778675282714,0.1255662200259748,0.0566061642750799,0.0280338306566568,0.028002154011847,0.0921790363964648,0.1031391555006493,0.073869935696411,0.2691881275935253,0.4962463175900408,0.4317209921125154,0.0370299977826348,0.0086477240330704,0.0527416136082866,0.0012353891475814,0.0476416737939117,0.4154391966802876,0.0590452659254331,0.6892204377712313,0.5191485317875131,0.0382337102854065,0.2421362729259716,0.1909468149133643,0.0762140074123348,0.1147328075010294,0.0511894580126073,0.0165985618803256,0.0511894580126073
SO_02,0.011521558379855,0.3109632973037178,0.1116522152274616,0.1077325097992635,0.126380805321297,0.1215108682741418,0.0590331393277111,0.0405036227580472,0.0582016866611236,0.2035871243615631,0.1860078394108563,0.0494120441857702,0.4390070079581898,0.3109632973037178,0.6599358593657204,0.0,0.0016629053331749,0.0140159163796175,0.0033258106663499,0.0383656016153937,0.2714099061646276,0.0443045492338757,0.8002138021142654,0.4678702933840123,0.0298135170447796,0.2646395058795581,0.1879083026487706,0.064021855327236,0.1238864473215346,0.0767312032307875,0.0212614324741655,0.0767312032307875
SB_20,0.0004201484524532,0.4041828112599785,0.0899117688249848,0.19957051491527,0.1237103776667755,0.1026095887213482,0.0694178609775454,0.0245553428878203,0.0320713318705942,0.1106390924793427,0.1001820643293963,0.1013024602026049,0.312123617011344,0.4041828112599785,0.3061948555156155,0.0537790019140096,0.0071425236917044,0.2492880817888987,0.0156855422249194,0.0295037579944913,0.3313103963400401,0.0415946967928668,0.756313897577144,0.4658045842864479,0.0239484617898324,0.2432192708090192,0.1788898744222958,0.0692311283320106,0.1096587460902852,0.0643293963867233,0.0139582652537229,0.0643293963867233
RV_17,0.0,0.1525512887953708,0.05365597054182,0.0846922672277748,0.0515518148342977,0.1146764860599684,0.0636507101525512,0.0415570752235665,0.0499736980536559,0.1620199894792214,0.4692267227774855,0.2966859547606523,0.9279326670173592,0.1525512887953708,0.7406628090478695,0.0023671751709626,0.0,0.0341925302472383,0.0036822724881641,0.0291951604418727,0.1883219358232509,0.119673855865334,0.8035244608101,0.5207785376117833,0.0118358758548132,0.2869542346133614,0.2519726459758022,0.031299316149395,0.2206733298264071,0.0349815886375591,0.0,0.0349815886375591
SF_08,0.0037028913517488,0.2582476421484511,0.0418542841291754,0.2215154760215206,0.1955952365592785,0.1585147147999535,0.0661359619131175,0.0249009766859767,0.0280619814984453,0.0795799089114531,0.1368392532287406,0.0521759324964196,0.2685950946366134,0.2582476421484511,0.6369489207426426,0.0292102648793012,0.0018320925851858,0.1395744900460603,0.0007741236275433,0.07511579599262,0.1114221941244016,0.0245397189931232,0.84580747545383,0.5598462074393281,0.0230301779194137,0.1910279071567729,0.1639593843136749,0.0601365037996568,0.103822880514018,0.027068522843098,0.0097152515256686,0.027068522843098
SB_16,0.007168458781362,0.3655913978494624,0.0409626216077829,0.1866359447004608,0.1013824884792626,0.0993343573988735,0.0683563748079877,0.0494111623143881,0.0655401945724526,0.2078853046594982,0.1131592421915002,0.0901177675371223,0.4111623143881208,0.3655913978494624,0.6651305683563749,0.0130568356374807,0.0220174091141833,0.0248335893497183,0.0,0.0186891961085509,0.2562724014336917,0.0809011776753712,0.7235023041474654,0.4357398873527905,0.0038402457757296,0.2219662058371735,0.1669226830517153,0.0606758832565284,0.1062467997951868,0.0550435227854582,0.002816180235535,0.0550435227854582
SAC_01,0.013648888473753,0.4396872470265894,0.0955811383025095,0.179996419453266,0.1427451117753284,0.1162724173360732,0.052867550906034,0.0243146366523444,0.0315243788529796,0.0904516159163086,0.1179984743757394,0.0652593561242916,0.2737094464163397,0.4396872470265894,0.3135118936421944,0.12122485833489,0.0023876798057164,0.1853711314527679,0.0178891120244099,0.0599566442493305,0.293589264586836,0.0390805000311351,0.7399511177532848,0.4893303599227847,0.0311098916495423,0.2202931378043464,0.1425602465906968,0.0614919982564294,0.0810682483342673,0.0777328912136496,0.0247816644872034,0.0777328912136496
OC_17,0.0017564589786989,0.363959590798284,0.0793706554253292,0.1374083181639148,0.1241018107495289,0.1418739820521828,0.0787532334813017,0.032978847975814,0.0394671009910686,0.117533718689788,0.1582090505540829,0.0923897422795644,0.3681325115234354,0.363959590798284,0.5896432791492351,0.0113424669200225,0.0019746857002948,0.1258369793163648,0.0035661439870554,0.0586018586529556,0.2043240826493788,0.0461469677130904,0.7712611375467059,0.5028422699837128,0.0260115606936416,0.2499068544480993,0.1879890141474786,0.070077390647122,0.1179116235003566,0.0619178403006206,0.0211999276125996,0.0619178403006206
SD_08,0.0009557670986733,0.4469931567075735,0.1201208089612723,0.1793783690790228,0.1465764422525519,0.1062813013724815,0.0612073249990442,0.0246205604618266,0.024391176358145,0.1019994647704247,0.0698856902549986,0.055969721298314,0.2278548763237374,0.4469931567075735,0.3244638146576442,0.0406009863516458,0.003517222923118,0.0619719386779829,0.0020644569331345,0.0356309974385441,0.5282333600948121,0.06487747065795,0.6852467790648775,0.4884734487899989,0.0383071453148296,0.2330160186565737,0.1366746951102955,0.0562755667698895,0.080399128340406,0.0963413235462782,0.0391864510456092,0.0963413235462782
SF_02,0.0026636995077213,0.2367657967496122,0.0473059545485197,0.3111302178164407,0.153853934857374,0.1242666396924944,0.0425517566929664,0.0194551217209521,0.0274967968170476,0.0781913817519724,0.1496729381617101,0.0832490390451143,0.3111133589587969,0.2367657967496122,0.649251466720615,0.0162856564839166,0.001736462337312,0.1634297659990559,0.00190505091375,0.0610627823858655,0.0960280531391192,0.0256254636185852,0.8543900465304471,0.4823319171892912,0.0250691213163396,0.1875716501449861,0.1612381145053611,0.0571009508395711,0.10413716366579,0.026333535639625,0.0080416750960954,0.026333535639625
RV_13,0.0060014509002176,0.3607465541119831,0.0933852140077821,0.1973883796082569,0.1701510255226538,0.1301193695179054,0.070632460594869,0.023939853590978,0.0344918551737782,0.0625206093780914,0.0807228121084218,0.0557937083690562,0.1990371298555694,0.3607465541119831,0.246982787047418,0.1009035151355272,0.0099584514937677,0.0288861043329156,0.003825100573765,0.0220273033040954,0.5829980874497132,0.0294796544219481,0.7901470685220603,0.310228846534327,0.0307986546197981,0.1569610235441535,0.0983974147596122,0.0288201543230231,0.069577260436589,0.0585636087845413,0.0141792521268878,0.0585636087845413
SC_11,0.0040066094433152,0.4416336438211941,0.0668694342491994,0.1278166903066372,0.1281968795238861,0.1454954889087107,0.0710953836255428,0.028250983374033,0.0306490999751414,0.0869463494523813,0.1333001886323424,0.1413718981677804,0.3616184362525041,0.4416336438211941,0.474914822992674,0.0199745565677687,0.0009358503809203,0.3543948411247751,0.0007457557722959,0.0676590580081009,0.0776609589541872,0.0162896456928948,0.7623963618816442,0.4823285127290274,0.0196089900127217,0.2552824367204293,0.2186819132291225,0.1055463757731732,0.1131355374559492,0.0366005234913068,0.0104259581499407,0.0366005234913068
LA_13,0.0122068655232021,0.2760811738797546,0.0840983179547087,0.2405024824178513,0.1686307630376269,0.1253009290320543,0.0593057123236851,0.0209801801232921,0.0276894175592583,0.0909930460727281,0.1148621449037421,0.065048030246821,0.2709032212232913,0.2760811738797546,0.3124412941724352,0.0472606578209975,0.0024587381897688,0.1688083604991672,0.0017286152923254,0.0358904736721629,0.4254643186966714,0.0141999037027097,0.8475424457933082,0.5060817264051906,0.0220773377745854,0.1886282372070628,0.1210030704627795,0.0426312839901808,0.0783717864725986,0.0676251667442833,0.0222075759130482,0.0676251667442833
SD_06,0.0018957504991024,0.4092472360628785,0.0518227724931635,0.122452060999547,0.1420302984548794,0.1311255389467679,0.0694213766839465,0.0283355981680004,0.0395087825255423,0.1403526431459392,0.1658194507356518,0.1151878135118358,0.4213599073934269,0.4092472360628785,0.7579982216853726,0.0040431492945459,0.0007046152297548,0.0428640931434227,0.0007046152297548,0.0399114197996879,0.1522975489455936,0.0403476101800124,0.749677051353029,0.4784840706628416,0.0300635831362088,0.2558424346133843,0.2125085979834583,0.0855771973090408,0.1269314006744174,0.043333836629926,0.0145956011877799,0.043333836629926
SD_10,0.0012589855013605,0.4455996426105673,0.0930024773585671,0.1649271006782276,0.1278885594769118,0.1215124070990537,0.0615278398245542,0.0339113836656784,0.0389473256711205,0.1119278723145027,0.1138772692198351,0.0451610283068675,0.2709661698412053,0.4455996426105673,0.266823701417374,0.1388945295049344,0.0025991958737765,0.0877228607399585,0.006213702635747,0.0516590179913089,0.4452747431263453,0.0727774844657434,0.6777403240872355,0.4854404418632985,0.0347236323762336,0.2280388254883645,0.1550582788449823,0.066117045039191,0.0889412338057913,0.0729805466433822,0.0159200747268813,0.0729805466433822
SD_05,0.0141416107164866,0.485831360211043,0.0912393370309104,0.1537089293243813,0.1390267371584876,0.1180954234374493,0.0561772242223735,0.028337279577914,0.0379920642643227,0.0938233163590758,0.1067540246288908,0.0644373087693122,0.2650146497572789,0.485831360211043,0.5625506795108819,0.0567178056717805,0.0006486977392883,0.0418410041841004,0.0063788611030023,0.0432357043235704,0.2831133166834247,0.0549987566626663,0.6990907420020974,0.484598834506395,0.0337430940719838,0.2355962072805509,0.1556766458002227,0.0751300098385823,0.0805466359616403,0.0799195614803282,0.0260776491193928,0.0799195614803282
LA_11,0.0078322375207776,0.3165749921171565,0.0798055176011242,0.2044478700751692,0.1606737592793718,0.1253080148080673,0.0596176528979668,0.0225429858264528,0.0292580005994853,0.1019981548307232,0.1346584295818784,0.0834608212949662,0.3201174057075679,0.3165749921171565,0.5795038285316112,0.0440933172951531,0.0018646330877,0.1302401444993323,0.0008291583458874,0.057698521139645,0.1792461276748142,0.0204408942453296,0.8206721243192532,0.4958172270297835,0.0273466543655381,0.2179518621027922,0.1720795524880589,0.065051948911389,0.1070276035766698,0.0458723096147333,0.0177354245251803,0.0458723096147333
SB_02,0.00036679300648,0.5783646465881458,0.0832484275447962,0.1151050794038934,0.1179035741940742,0.1077012946434636,0.0600453736533941,0.0251185284807977,0.0374536414394587,0.1033269484180353,0.1482387143225876,0.0769178519514746,0.3284835146920976,0.5783646465881458,0.4443221801089511,0.0793631386613413,0.0043335914469304,0.0303215552023474,0.0014943418782518,0.0494763010963035,0.3857439784814769,0.0655472687505943,0.6432598388827757,0.4886497941883685,0.0376981701104454,0.2427490456589368,0.1798236676583662,0.0730597329203515,0.1067639347380147,0.0629253780005705,0.0181494613576775,0.0629253780005705
SB_17,0.0001285842870001,0.4101838755304102,0.0744503021730744,0.1235694998071235,0.1125112511251125,0.1132827568471132,0.0576057605760576,0.0235309245210235,0.0819081908190819,0.128069949852128,0.2376237623762376,0.0504050405040504,0.4160987527324161,0.4101838755304102,0.6295486691526295,0.015044361579015,0.007072135785007,0.0327889931850327,0.0115725858300115,0.024045261669024,0.2785135656422785,0.0696926835540697,0.7203291757747203,0.5243667223865244,0.018001800180018,0.2916291629162916,0.2319660537482319,0.0513051305130513,0.1806609232351806,0.0596631091680596,0.0353606789250353,0.0596631091680596
SB_31,0.0007828138804084,0.5454647118685767,0.1219959517339327,0.151988906409009,0.1393632368235649,0.1152413862515516,0.0538687780275326,0.0175797631428859,0.028360228581653,0.0777222352691202,0.0827769763254716,0.0372395745965712,0.1977387861911631,0.5454647118685767,0.0861430760112277,0.1080059493854911,0.0024602721955692,0.0211583408818957,0.0007716308249739,0.0141018329027856,0.7631093367329822,0.0243007794589637,0.7012670401807182,0.4902204180226121,0.0276445130338511,0.2128694601939141,0.1385356907214189,0.0670200512183938,0.071515639503025,0.0743337694724952,0.022902897529663,0.0743337694724952
SD_17,0.0003316628771467,0.4373080477134433,0.1127212843213564,0.1310490132550123,0.1219100714321318,0.1150256703232658,0.0653586751889328,0.0278175048982581,0.0374759879911198,0.1158174435502114,0.1470704390603013,0.0770876548558896,0.3399755374664023,0.4373080477134433,0.5353173035999801,0.0433845717331206,0.0081727100883028,0.0728086286027599,0.0028737725597855,0.0484036087988435,0.284580168477073,0.0662367191064657,0.6643725053391972,0.4634979122492877,0.0302637582580222,0.2447269436786589,0.1962504840744305,0.0772525277312342,0.1189979563431963,0.0484764596042284,0.0174841932923579,0.0484764596042284
LA_03,0.0041614775927806,0.4209530013603357,0.0853447780353687,0.1510432433468089,0.1385818021573774,0.1411913474987067,0.0638054911578181,0.0248117563657961,0.0335677198091698,0.099147395244573,0.1211656735577567,0.0820416530952426,0.3023547218975724,0.4209530013603357,0.3940949935815148,0.0473435134979786,0.0012722012530415,0.1254919242043952,0.0005134788189987,0.038292491330255,0.3842967447742034,0.0242446305060065,0.764776885789282,0.4961584886862223,0.0286551836453164,0.233816795355699,0.1616998448067748,0.0689785986626559,0.0927212461441189,0.0721169505489241,0.0216427490276473,0.0721169505489241
AL_09,0.0012218243100905,0.3941015378133558,0.0747630082157151,0.1882662734358542,0.1539919949441752,0.1265641457762797,0.0790815251737939,0.0256583105119022,0.0293659153149357,0.0787023383189382,0.1107646934906256,0.0610490836317674,0.2505161154413313,0.3941015378133558,0.1951127027596376,0.0312618495892142,0.002633242047609,0.4137771223930904,0.0132083421108068,0.0358331577838634,0.3038129344849378,0.0255740467663787,0.7764061512534232,0.5184326943332631,0.0308194649252159,0.2522013903518011,0.197514219507057,0.0820728881398778,0.1154413313671792,0.054687170844744,0.0192121339793553,0.054687170844744
LA_06,0.0123012198328588,0.4656324191255768,0.1040306692122722,0.164103912534821,0.1421766452119369,0.1338958054669547,0.0591891407818972,0.0205172762020174,0.0302004854942399,0.0789366380476577,0.097487548254088,0.0497155247643981,0.2261397110661438,0.4656324191255768,0.153315575066784,0.0324602820744399,0.0016310167560296,0.0941721637266446,0.000522077793402,0.0169084610899612,0.6973549328729903,0.0140884788482277,0.7529390693296445,0.5057523826944549,0.0304024571953371,0.2154047246134909,0.1331184049570714,0.0592386810104682,0.0738797239466032,0.0822863196564194,0.0293659231821594,0.0822863196564194
SD_16,0.0013309368885653,0.4810028666332984,0.1047117440961004,0.1574373208354188,0.1464940619738818,0.1270191563907721,0.0572871638531191,0.0169154115666378,0.0271078855166765,0.0849296992310142,0.1039723347135641,0.0561496109569095,0.2450516449014879,0.4810028666332984,0.3637780406788916,0.0303726623287982,0.0048914774537015,0.0453769850298038,0.0081448787368612,0.0420325795149474,0.5023319834372298,0.051280884561132,0.7002661873777131,0.4896368931155299,0.034934249442599,0.2249510852254629,0.1538654047413204,0.0675592665058925,0.0863061382354279,0.0710856804841425,0.023285707785412,0.0710856804841425
LA_12,0.0038622562516501,0.3891675781692,0.0908082827292271,0.1271338588616904,0.1313732885754158,0.1375702485573115,0.0738505638743258,0.0274506845698336,0.0393919963791347,0.1121940180288914,0.1491419303737789,0.0943386263342511,0.3556745747369215,0.3891675781692,0.4169086863048316,0.0517896880775468,0.0021838343454154,0.1885490136913966,0.0008524120242899,0.0392486704635461,0.2937426922641722,0.0323841134537773,0.772828423792102,0.4897371100969336,0.0255912194018028,0.2426998076415343,0.1871119828008901,0.0728661411383095,0.1142458416625806,0.0555878248406442,0.0179572285294006,0.0555878248406442
OC_15,0.0006932914925836,0.384375399098721,0.0848004962507525,0.1186075787706847,0.1149951652040648,0.1384393643611683,0.0851106529711189,0.0285161737607414,0.0390250132272719,0.1158161682873875,0.1816423710569046,0.099177172465381,0.3966357118096732,0.384375399098721,0.3912353359727062,0.0065132911276933,0.0014960500629435,0.3645253689952746,0.0093047016109904,0.0465964861068033,0.1752932805458758,0.0312528507051504,0.7765594497454891,0.4978745142398423,0.0240827571107989,0.2438744047727646,0.1908923391290069,0.0704055755231614,0.1204867636058455,0.0529820656437576,0.020871722829359,0.0529820656437576
LA_08,0.0142678317998437,0.488080241106026,0.113759946420883,0.1562923570027586,0.1332342013362887,0.1222831720112898,0.058789526558339,0.0232574827382755,0.0309873865828961,0.0867311954840458,0.0912040949753631,0.0567763231331026,0.2347116135925117,0.488080241106026,0.0333514056545103,0.3151121812760122,0.0009846757347195,0.0250394667602175,0.0016344819888057,0.0215073910478225,0.5943096107540942,0.0185174849707387,0.7372430674044426,0.4859992664763757,0.0322272009695268,0.2076230645341327,0.0975865478145779,0.0453389357528982,0.0522476120616797,0.1100365167195547,0.0300944013012071,0.1100365167195547
AL_07,0.0026570705274389,0.4091749133488154,0.0893570726196204,0.1668514760340607,0.1458947911654148,0.1282577009714696,0.0696696445383601,0.0299181957026591,0.0354833985396573,0.0902985543025712,0.1091979273455098,0.0604640458606188,0.2599605275086999,0.4091749133488154,0.1347922812449875,0.0833804074174808,0.0028314189872446,0.285443298393902,0.0238229735478516,0.0437056719040944,0.4211910091986247,0.024597080709389,0.7699646421323514,0.5107294042164432,0.0315291754712638,0.2225035044040421,0.1540821948378908,0.0658758220529879,0.0882063727849028,0.0684213095661512,0.0212565642195116,0.0684213095661512
RV_16,0.0020836778567884,0.5406317182073755,0.1032247395402679,0.1360343972217628,0.1264428642301968,0.1201918306598313,0.0540433272697205,0.0270216636348602,0.0437903092442533,0.092541756242765,0.0991566065817761,0.0461716553662973,0.2378700181908384,0.5406317182073755,0.2427650074417066,0.052554985943443,0.0059202910534149,0.0236811642136596,0.0020506036050934,0.0177608731602447,0.6526872829502233,0.0274185546552009,0.7022655862411114,0.4971390772283777,0.0317512816272531,0.2169009426161733,0.130742516950554,0.0599966925748304,0.0707458243757234,0.0861584256656193,0.0229535306763684,0.0861584256656193
OC_20,0.0003955305052902,0.2620389597547711,0.0294670226441214,0.0720359932759814,0.0731731434786907,0.0831602887372688,0.0526055572035993,0.0338178582023138,0.0407890833580539,0.164244042321764,0.4345891426876297,0.3690299614357757,0.9678631464451696,0.2620389597547711,0.6885691683971126,0.0118164738455453,0.0021754177790962,0.1432314842282211,0.0006427370710966,0.0334717690101849,0.1176703253238406,0.0778206269158508,0.7831009591614754,0.4156531197468605,0.0113220607139325,0.2437456738850983,0.2067635716404627,0.0500346089192128,0.1567289627212498,0.0369821022446356,0.0154256897063186,0.0369821022446356
LA_14,0.0338575084643771,0.3573888393472098,0.1033741508435377,0.2025904256476064,0.1494297873574468,0.1252075313018828,0.0555785138946284,0.0229716307429076,0.0304572576143144,0.0839985209996302,0.1021597755399438,0.0772342693085673,0.2633925658481414,0.3573888393472098,0.1474650368662592,0.0592941398235349,0.0023707505926876,0.1431041607760401,0.0010077502519375,0.0276841319210329,0.6150684037671009,0.02120988030247,0.799863699965925,0.4949938737484684,0.0270243817560954,0.1875792968948242,0.1168120292030073,0.0420137605034401,0.0747982686995671,0.0707672676918169,0.0255163813790953,0.0707672676918169
RV_10,0.0015278911306394,0.5470419648110539,0.0949759902822328,0.1264068935411012,0.1490500502970372,0.1231802911534154,0.0580788429783438,0.020574335225008,0.0322660238768576,0.0756163759561182,0.1049594776700134,0.0633173268548218,0.2438931804809535,0.5470419648110539,0.4486685520147285,0.0542164101201434,0.0017841213202497,0.0812724201415909,0.0033594624860022,0.0570539222199024,0.3442120447169131,0.0613718754151878,0.6564427657676467,0.4820828667413214,0.032617154136694,0.2430390798489191,0.1890978799324311,0.0927743086529884,0.0963235712794427,0.0539411999164879,0.0161899519805644,0.0539411999164879
